RK,Team,CONF,G,W,ADJOE,ADJDE,BARTHAG,EFG_O,EFG_D,TOR,TORD,ORB,DRB,FTR,FTRD,2P_O,2P_D,3P_O,3P_D,3PR,3PRD,ADJ_T,WAB,SEED,Alpha,Beta
1,houston,B12,34,30,124.8,88.0,0.9823,52.7,44.9,14.6,21.7,36.1,29.3,28.2,34.1,49.0,43.9,39.8,30.9,34.5,43.1,61.4,11.60,1,0.5791964698765169,0.42080353012348315
2,duke,ACC,34,31,128.5,91.3,0.9807,57.4,44.5,14.4,17.7,35.2,26.5,32.1,25.4,58.0,43.4,37.7,30.9,45.4,37.9,65.7,9.60,1,0.5773436350521606,0.4226563649478395
3,auburn,SEC,33,28,129.0,93.7,0.9756,55.7,46.0,13.4,17.4,34.3,30.3,33.5,39.2,56.1,47.2,36.8,29.2,40.6,34.8,67.8,12.50,1,0.5719506624029237,0.4280493375970763
4,florida,SEC,34,30,127.7,94.0,0.9713,55.0,45.3,15.0,17.0,38.1,28.8,32.6,33.0,56.4,45.9,35.5,29.6,43.6,37.3,69.5,11.10,1,0.568685254769503,0.4313147452304969
5,alabama,SEC,33,25,127.6,96.4,0.9621,56.3,47.9,16.7,13.5,34.7,29.2,40.1,33.9,59.7,48.8,35.0,30.8,46.2,35.1,74.6,9.80,2,0.562298142417476,0.43770185758252406
6,tennessee,SEC,34,27,119.3,91.1,0.9570,52.8,44.4,16.0,17.8,35.4,30.1,35.4,29.4,54.1,46.7,34.0,27.8,43.0,45.1,63.8,9.30,2,0.5596603150598803,0.4403396849401197
7,texas-tech,B12,33,25,126.0,96.7,0.9546,55.5,48.0,14.8,17.4,34.3,28.5,29.7,33.5,54.3,48.2,37.9,31.7,44.6,34.1,65.6,5.80,3,0.5584240429034142,0.44157595709658576
8,iowa-state,B12,33,24,118.9,92.3,0.9481,54.6,48.4,16.9,21.8,32.2,28.4,38.5,28.9,55.1,47.5,35.8,33.2,36.9,40.7,68.5,5.40,3,0.5556037439657702,0.44439625603422983
9,arizona,B12,34,22,123.9,96.5,0.9469,52.9,48.6,16.2,16.6,35.9,28.5,36.6,29.2,55.1,47.2,32.4,33.6,34.6,41.9,69.9,5.40,4,0.5547870982139983,0.44521290178600165
10,maryland,B10,33,25,117.8,92.0,0.9449,53.8,47.0,14.5,20.2,31.0,27.2,32.9,25.9,52.7,47.6,37.2,30.7,35.5,35.8,69.8,4.60,4,0.5541121767801699,0.44588782321983
11,gonzaga,WCC,33,25,123.3,96.4,0.9441,55.7,47.5,13.2,18.2,32.7,26.4,30.9,28.6,57.8,49.1,34.4,30.2,33.5,40.6,70.1,2.70,8,0.5538439680892743,0.4461560319107258
12,wisconsin,B10,35,26,122.4,96.1,0.9418,53.6,47.9,14.1,14.5,28.0,26.6,33.8,28.1,54.7,46.8,34.9,33.0,48.1,39.1,67.5,5.90,3,0.552803648303223,0.44719635169677696
13,michigan-state,B10,33,27,116.8,91.8,0.9410,51.2,46.1,16.6,16.4,35.3,24.6,37.8,33.1,53.6,49.1,30.8,27.9,32.7,41.4,67.9,7.80,2,0.5525430030575585,0.4474569969424414
14,brigham-young,B12,33,24,125.4,99.1,0.9377,57.2,50.6,17.6,17.2,33.3,26.1,30.2,29.5,58.6,49.3,37.1,34.8,48.3,44.4,67.2,4.80,6,0.5511898267025886,0.44881017329741135
15,st-johns-ny,BE,34,30,112.6,89.1,0.9364,49.7,46.6,15.6,21.9,37.3,28.9,30.2,30.4,51.5,45.8,30.4,31.8,30.3,40.8,70.1,7.80,2,0.5508690021890149,0.4491309978109851
16,missouri,SEC,33,22,127.0,100.0,0.9344,56.2,50.7,15.2,20.0,33.7,32.2,46.8,35.3,56.7,51.1,37.0,33.4,41.5,38.2,68.1,3.00,6,0.5520895543117457,0.44791044568825433
17,kentucky,SEC,33,22,123.9,98.7,0.9315,56.0,50.4,15.2,14.0,28.7,25.9,35.9,31.0,55.9,53.7,37.4,30.8,41.7,43.5,70.9,5.60,3,0.5492126276970661,0.45078737230293386
18,purdue,B10,33,22,125.0,100.0,0.9289,56.3,52.0,15.6,17.8,31.0,29.9,34.6,31.0,55.5,56.4,38.5,30.7,38.1,42.7,65.0,4.30,4,0.5481611208406305,0.45183887915936954
19,louisville,ACC,34,27,118.3,94.7,0.9288,53.4,49.2,16.5,18.6,32.2,27.2,34.5,26.8,57.0,48.3,33.0,33.7,48.1,39.7,68.8,5.50,8,0.5480041409736616,0.4519958590263384
20,kansas,B12,33,21,116.1,93.0,0.9274,53.1,46.2,16.7,15.6,30.4,27.5,24.3,28.0,53.4,46.1,35.2,30.9,34.3,40.7,68.3,4.10,7,0.5478413068844807,0.4521586931155192
21,clemson,ACC,33,27,118.3,94.8,0.9272,53.6,48.9,15.7,20.1,33.7,29.9,28.2,27.6,52.3,49.3,37.2,32.2,38.4,38.3,64.3,4.90,5,0.5477427075675028,0.4522572924324971
22,texas-am,SEC,32,22,115.7,93.1,0.9237,47.5,48.2,18.2,19.7,42.0,27.8,41.7,35.3,48.0,46.5,31.1,33.4,37.6,47.0,66.1,5.20,4,0.5467199385255028,0.4532800614744972
23,illinois,B10,33,21,122.2,98.5,0.9228,52.3,47.3,15.8,12.7,36.0,26.3,34.6,26.8,57.3,46.1,31.1,33.3,46.9,30.4,71.3,3.40,6,0.5462926793387403,0.45370732066125974
24,saint-marys-ca,WCC,33,28,115.0,92.8,0.9217,50.9,46.2,15.1,16.6,40.5,24.9,31.4,25.0,51.8,45.8,32.6,31.2,33.4,31.3,61.8,4.10,7,0.546015806319494,0.453984193680506
25,ucla,B10,32,22,117.9,95.3,0.9205,53.0,50.5,15.9,22.8,32.8,29.2,32.9,34.6,53.1,51.2,35.2,33.2,36.0,44.8,65.0,3.30,7,0.5455997054864242,0.4544002945135757
26,michigan,B10,34,25,115.1,94.4,0.9072,54.5,46.3,19.8,16.0,33.2,29.8,35.0,28.5,57.7,45.9,33.4,31.3,42.5,38.9,69.4,6.20,5,0.5419909342969718,0.4580090657030283
27,baylor,B12,33,19,120.5,99.3,0.9027,51.5,51.2,16.1,18.8,35.6,31.2,31.0,33.5,51.2,49.8,34.7,35.4,40.2,40.8,64.6,2.00,9,0.5408100715865545,0.45918992841344547
28,mississippi,SEC,33,22,117.4,96.9,0.9003,51.1,50.5,12.8,20.5,25.4,30.8,35.6,39.5,51.0,51.6,34.1,32.7,40.2,44.0,68.0,4.80,6,0.5404135068816093,0.4595864931183907
29,virginia-commonwealth,A10,34,28,116.2,96.0,0.9002,52.4,44.4,16.8,20.6,36.7,30.0,32.2,36.1,54.2,43.6,33.5,30.6,47.4,35.3,66.1,1.10,11,0.5401793538153529,0.4598206461846471
30,georgia,SEC,32,20,115.9,95.8,0.8999,52.5,47.2,18.8,18.0,36.1,31.8,39.8,30.4,53.8,47.8,33.5,30.9,36.8,40.6,66.4,2.00,9,0.5400552609561694,0.4599447390438306
31,marquette,BE,33,23,116.7,96.5,0.8983,52.0,49.9,13.5,21.5,30.1,31.0,26.1,30.2,54.9,51.3,32.5,31.8,46.3,39.8,67.7,3.60,7,0.539955519979423,0.460044480020577
32,mississippi-state,SEC,33,21,118.3,98.8,0.8888,51.7,51.9,15.1,19.0,34.1,29.5,31.6,35.4,55.2,50.1,31.4,36.1,42.3,44.2,68.0,3.00,8,0.5374860830675751,0.46251391693242505
33,creighton,BE,34,24,117.3,98.2,0.8852,55.8,47.0,18.1,11.7,26.9,27.2,28.5,16.9,60.5,45.8,33.9,32.7,49.0,35.2,67.1,3.10,9,0.5368899924544194,0.46311000754558057
34,West Virginia,B12,32,19,110.1,92.3,0.8836,50.0,46.3,16.2,19.4,25.9,30.8,25.6,32.2,50.9,47.3,32.6,29.7,46.1,36.5,64.2,1.50,N/A,0.5365459483823657,0.46345405161763437
35,connecticut,BE,33,23,121.6,102.0,0.8829,55.5,48.3,17.1,15.5,35.6,27.4,30.6,40.0,57.3,46.0,35.4,35.1,42.6,34.2,63.8,2.20,8,0.5364015344763924,0.4635984655236077
36,north-carolina,ACC,35,22,118.8,99.8,0.8814,54.2,49.6,15.1,15.2,29.2,27.1,34.8,30.0,54.9,49.2,35.3,33.5,37.0,37.9,70.6,1.40,11,0.5360307568556392,0.4639692431443609
37,xavier,BE,32,21,116.3,97.8,0.8797,53.9,50.6,16.0,17.6,25.2,25.2,37.2,28.1,51.3,50.5,38.8,33.9,37.4,37.2,69.0,0.35,11,0.5357758925207234,0.46422410747927656
38,colorado-state,MWC,34,25,116.9,98.6,0.8761,55.8,48.5,17.4,16.7,26.4,25.3,31.8,33.6,56.5,47.7,36.6,33.1,42.8,37.9,66.0,0.90,12,0.5350294349025124,0.4649705650974875
39,oregon,B10,33,24,115.1,97.3,0.8744,52.2,49.1,16.2,17.6,30.6,29.2,33.4,27.7,53.0,50.0,34.0,31.7,38.6,37.4,67.7,5.30,5,0.5344708262153488,0.46552917378465125
40,new-mexico,MWC,33,26,111.7,94.9,0.8673,50.8,49.2,15.6,20.5,31.5,25.6,37.8,35.0,50.6,48.2,34.1,33.8,32.2,38.3,73.1,2.80,10,0.5332242343178427,0.4667757656821574
41,Ohio St.,B10,32,17,116.8,99.5,0.8632,53.5,48.6,15.6,16.8,28.9,30.5,35.8,39.9,52.6,50.3,36.8,30.5,37.7,37.6,67.0,-1.00,N/A,0.5325552481057116,0.4674447518942884
42,vanderbilt,SEC,32,20,118.6,101.2,0.8621,51.7,52.9,14.7,20.0,32.2,29.7,34.0,39.0,53.6,51.5,32.5,36.9,40.2,37.5,69.6,1.50,10,0.5321450483666577,0.46785495163334234
43,arkansas,SEC,33,20,111.9,95.4,0.8616,52.7,48.3,16.5,17.5,27.6,28.3,35.5,29.4,54.4,48.5,33.3,31.9,36.7,39.5,69.3,1.20,10,0.5323614708350052,0.4676385291649947
44,Cincinnati,B12,33,18,111.6,95.3,0.8590,50.9,48.6,15.5,19.7,32.3,30.1,23.4,24.3,52.6,48.0,32.0,33.2,38.1,34.2,65.2,-1.00,N/A,0.5319542130859567,0.46804578691404336
45,california-san-diego,BW,34,30,113.5,97.0,0.8589,55.4,47.7,13.4,23.3,25.6,28.4,33.8,29.8,56.1,46.2,36.5,33.1,49.6,44.3,65.8,1.20,12,0.5317551790204765,0.4682448209795234
46,oklahoma,SEC,33,20,117.7,100.9,0.8549,54.9,51.1,17.3,18.1,26.5,31.7,39.6,35.8,54.6,54.9,37.0,30.5,41.9,41.9,68.4,2.10,9,0.5309875202416823,0.4690124797583178
47,SMU,ACC,33,23,116.8,100.3,0.8529,54.7,47.8,17.4,17.9,36.7,30.5,36.7,32.5,53.7,46.8,37.6,32.9,35.1,41.0,68.8,-0.30,N/A,0.5305612134942018,0.46943878650579823
48,utah-state,MWC,33,26,122.6,105.2,0.8528,56.0,51.8,16.0,20.2,34.6,30.3,37.6,36.2,57.7,52.6,35.8,33.8,42.3,44.4,67.6,2.30,10,0.5307520801982828,0.4692479198017173
49,Texas,SEC,34,19,116.7,100.2,0.8524,52.5,48.4,14.3,16.6,29.8,29.7,36.6,39.3,51.8,47.5,36.0,33.3,35.4,36.2,67.3,0.04,11,0.5305963254776181,0.4694036745223818
50,Boise St.,MWC,34,24,115.4,99.1,0.8519,52.1,49.6,16.9,16.1,33.2,22.6,39.2,31.1,56.3,48.6,31.0,34.2,43.3,36.2,65.2,0.15,N/A,0.5305556187981924,0.46944438120180754
51,Santa Clara,WCC,32,20,115.7,99.7,0.8469,55.5,49.5,17.0,16.9,32.8,26.9,28.9,31.9,54.6,51.7,37.7,30.7,46.8,39.7,68.9,-3.40,N/A,0.5296987524015484,0.47030124759845154
52,Villanova,BE,33,19,118.6,102.5,0.8431,54.9,51.1,15.6,16.0,30.2,27.4,28.9,30.1,51.1,50.3,39.8,34.7,43.6,45.9,63.1,-2.90,N/A,0.5289659658539956,0.4710340341460043
53,San Diego St.,MWC,30,21,108.9,94.3,0.8388,50.6,45.3,16.8,19.7,29.4,30.9,32.1,37.2,51.6,45.0,32.8,30.4,39.4,47.3,65.8,0.90,11,0.5284813585653386,0.4715186414346613
54,Northwestern,B10,33,17,113.3,98.1,0.8387,49.8,49.9,14.9,19.8,31.2,30.1,31.3,36.6,49.7,49.4,33.3,33.8,34.2,39.3,64.9,-2.60,N/A,0.5285070152600254,0.4714929847399745
55,Indiana,B10,32,19,112.4,97.8,0.8317,51.1,49.8,16.7,16.4,31.5,28.1,33.1,29.6,52.6,50.3,32.1,32.7,33.2,38.9,68.0,0.30,N/A,0.5272827281079469,0.4727172718920531
56,liberty,CUSA,34,28,112.8,98.2,0.8308,58.4,45.9,15.3,16.9,18.9,28.0,30.9,26.3,57.7,48.0,39.5,28.0,47.7,34.4,65.4,-0.30,12,0.5271508109633465,0.47284918903665346
57,Kansas St.,B12,33,16,109.8,95.9,0.8249,50.6,49.0,17.7,18.1,29.4,31.7,27.6,28.6,51.8,49.9,32.5,31.5,40.2,35.7,67.0,-2.50,N/A,0.5263392457173312,0.47366075428266874
58,drake,MVC,33,30,112.5,98.5,0.8229,53.8,51.7,18.6,22.1,36.0,25.8,43.0,35.8,54.6,54.3,35.0,31.8,36.8,39.1,58.6,2.30,11,0.5257264430882929,0.47427355691170703
59,USC,B10,33,16,116.8,102.8,0.8142,54.6,52.4,17.8,17.8,28.2,30.9,36.4,34.9,54.3,54.3,36.7,32.9,34.7,38.5,68.2,-3.80,N/A,0.524424986444111,0.475575013555889
60,memphis,Amer,34,29,111.7,98.7,0.8059,53.6,48.5,19.2,19.1,35.1,32.3,39.4,33.6,52.0,48.6,38.0,32.2,33.1,40.7,70.7,4.90,5,0.5234407575062301,0.47655924249376996
61,San Francisco,WCC,33,24,111.0,98.1,0.8048,53.0,48.7,17.0,18.2,29.0,28.1,35.0,35.9,54.7,52.1,34.0,28.3,43.6,35.1,67.7,0.00,N/A,0.5233936298823822,0.4766063701176178
62,Nebraska,B10,31,17,111.9,99.2,0.7987,51.5,50.9,16.2,17.6,26.8,28.8,36.0,27.0,53.3,50.6,32.5,34.1,38.5,46.2,67.5,-1.40,N/A,0.5226264498251928,0.47737355017480715
63,mcneese-state,Slnd,33,27,113.4,100.7,0.7962,53.3,47.5,16.2,21.6,34.7,31.3,35.7,31.4,53.2,46.9,35.6,32.2,36.7,46.6,65.2,-0.90,12,0.5222042976344693,0.47779570236553065
64,Penn St.,B10,31,16,113.6,100.9,0.7956,54.1,51.9,17.4,19.8,28.6,29.1,37.9,29.4,55.6,51.2,34.3,35.3,36.2,38.3,70.1,-3.70,N/A,0.5221489036602908,0.4778510963397093
65,Arizona St.,B12,32,13,113.2,100.8,0.7915,51.4,50.5,17.5,16.0,25.2,30.4,35.9,31.2,49.8,51.4,35.8,32.9,42.8,40.3,68.3,-3.10,N/A,0.5215161702453356,0.4784838297546644
66,Iowa,B10,33,17,119.4,106.6,0.7877,56.8,54.4,13.7,17.9,25.1,32.2,26.0,28.3,56.6,56.2,38.0,34.4,41.0,38.8,69.7,-2.40,N/A,0.5208618173759978,0.47913818262400226
67,utah,B12,32,16,112.5,100.5,0.7866,51.7,48.7,18.1,15.7,34.9,28.4,37.0,33.4,53.9,47.4,32.6,33.8,43.8,40.0,68.8,-3.00,N/A,0.5207120279487606,0.4792879720512394
68,Rutgers,B10,32,15,115.7,103.7,0.7783,50.6,52.8,15.4,17.4,30.8,32.2,36.2,30.5,51.3,52.9,32.9,35.1,36.3,37.7,68.6,-3.60,N/A,0.5198891430696115,0.4801108569303886
69,UCF,B12,33,17,115.5,103.6,0.7767,49.4,51.1,17.2,18.1,32.4,34.4,36.3,30.8,48.6,52.1,33.6,33.0,41.3,37.0,71.7,-2.00,N/A,0.5196981132075472,0.48030188679245284
70,Wake Forest,ACC,32,21,107.9,97.1,0.7722,49.4,47.2,16.7,19.7,26.8,31.5,36.1,31.5,52.9,48.2,28.5,30.7,35.2,45.8,67.1,0.60,N/A,0.5188819042687953,0.4811180957312047
71,George Mason,A10,34,26,105.7,95.1,0.7721,51.5,45.0,20.0,18.9,32.1,29.1,41.7,31.5,50.7,44.6,35.3,30.3,35.8,45.5,64.6,-0.20,N/A,0.5189349349098134,0.4810650650901867
72,Pittsburgh,ACC,32,17,113.9,102.7,0.7664,52.2,51.1,14.8,18.3,29.0,29.9,34.2,32.8,52.4,50.4,34.6,34.7,41.4,41.3,66.4,-3.70,N/A,0.5183938974676265,0.48160610253237357
73,North Texas,Amer,32,24,109.2,98.7,0.7627,51.6,46.8,17.0,19.5,33.1,27.7,36.6,39.5,50.5,47.6,35.7,30.3,37.3,37.7,60.4,-1.80,N/A,0.5177915281467225,0.4822084718532776
74,TCU,B12,32,16,106.3,96.1,0.7608,46.8,50.9,17.3,19.5,33.0,29.6,33.5,28.3,47.8,53.4,30.0,31.6,34.7,42.5,66.4,-1.70,N/A,0.5177365607418756,0.4822634392581245
75,Stanford,ACC,33,20,112.3,101.6,0.7595,50.4,50.6,15.8,17.6,31.1,28.2,29.7,36.0,49.9,50.9,34.1,33.4,41.4,34.1,66.0,-2.60,N/A,0.5175503821638232,0.4824496178361768
76,South Carolina,SEC,32,12,109.8,99.4,0.7579,48.9,51.5,18.4,15.6,30.4,27.3,43.3,30.4,49.8,51.1,31.6,34.8,39.0,34.6,65.3,-5.60,N/A,0.5173950942356591,0.48260490576434084
77,butler,BE,33,14,116.0,105.3,0.7540,53.0,49.4,16.4,11.5,26.4,29.3,37.3,20.4,51.7,50.9,36.6,31.3,40.9,36.8,67.3,-6.10,N/A,0.5167129779520332,0.48328702204796686
78,dayton,A10,32,22,114.7,104.3,0.7471,52.6,50.4,15.5,17.7,29.6,28.8,37.9,30.7,52.1,51.9,35.6,32.3,40.4,42.4,65.7,-1.50,N/A,0.5162814208377164,0.48371857916228356
79,yale,Ivy,29,22,113.9,103.7,0.7461,54.8,48.8,14.4,16.1,33.2,25.8,32.0,28.7,53.4,47.3,38.5,33.7,32.0,48.0,67.2,-2.70,13,0.5159742640274583,0.4840257359725417
80,UC Irvine,BW,34,28,106.4,96.9,0.7446,51.6,46.2,18.3,17.9,28.5,25.9,36.3,21.9,51.0,43.3,35.2,34.0,35.1,37.8,68.7,0.21,N/A,0.5159011640741122,0.48409883592588776
81,colorado,B12,34,14,108.5,98.9,0.7426,50.6,49.5,21.0,16.4,28.9,28.3,36.3,34.8,51.9,48.5,32.2,34.1,37.3,39.1,67.5,-4.40,N/A,0.515680103863368,0.48431989613663196
82,Saint Joseph's,A10,34,22,110.7,101.1,0.7393,52.1,47.1,16.6,16.1,30.4,27.4,32.3,25.9,53.1,45.5,34.0,33.5,46.5,33.3,68.0,-4.70,N/A,0.51519875813801,0.48480124186199003
83,grand-canyon,WAC,33,26,108.5,99.5,0.7316,51.2,47.0,18.4,20.6,32.5,28.6,43.9,32.2,53.2,46.4,31.6,32.1,33.6,34.4,71.5,-2.50,13,0.5141693509010322,0.4858306490989678
84,LSU,SEC,32,14,108.5,99.6,0.7284,51.1,48.3,18.6,16.5,29.5,34.3,32.5,29.5,55.2,48.2,30.5,32.3,43.5,35.8,68.0,-4.00,N/A,0.5139184189220887,0.48608158107791133
85,high-point,BSth,34,29,117.7,108.1,0.7262,56.4,49.1,15.3,16.5,34.0,29.9,37.6,36.3,57.4,48.9,36.6,32.9,39.0,36.0,66.5,-1.80,13,0.5137920863123733,0.48620791368762667
86,Minnesota,B10,32,15,109.9,101.5,0.7148,49.9,50.1,16.6,16.3,30.2,30.6,31.5,33.0,50.7,49.2,32.2,34.5,35.9,34.3,62.6,-4.50,N/A,0.5124004859051026,0.48759951409489743
87,Oklahoma St.,B12,32,15,107.8,99.6,0.7137,48.3,53.5,19.1,20.6,31.0,29.4,41.6,36.2,48.0,54.6,32.5,34.8,35.1,43.7,71.3,-3.50,N/A,0.5123014041395394,0.48769859586046055
88,nevada,MWC,33,17,112.1,103.8,0.7075,53.7,51.3,15.5,18.7,27.4,26.5,37.3,37.9,55.3,49.5,34.1,35.7,37.5,44.7,63.8,-6.40,N/A,0.5117541874019148,0.4882458125980853
89,UNLV,MWC,33,18,106.9,99.2,0.7024,49.7,49.3,16.2,17.8,27.3,29.8,35.8,32.0,49.6,50.5,33.3,31.9,34.6,43.4,65.7,-5.00,N/A,0.5112120846364571,0.4887879153635428
90,Georgia Tech,ACC,33,17,107.4,99.8,0.6993,50.4,48.8,17.4,15.6,30.5,28.6,31.2,28.5,49.9,46.7,34.1,34.6,36.2,40.5,68.7,-5.10,N/A,0.510871299677668,0.4891287003223321
91,Oregon St.,WCC,32,20,116.0,108.0,0.6950,54.6,51.1,16.6,16.6,31.8,27.6,38.9,32.3,54.5,50.4,36.5,34.7,35.9,41.2,63.7,-4.40,N/A,0.5103882594393995,0.4896117405606005
92,St. Bonaventure,A10,33,22,106.5,99.2,0.6927,50.2,49.7,16.0,18.7,28.0,26.9,30.9,24.4,51.9,50.8,31.4,32.3,34.9,47.6,64.2,-4.10,N/A,0.5102753094073615,0.4897246905926385
93,Florida St.,ACC,32,17,107.8,100.5,0.6917,50.7,48.5,17.4,19.1,29.7,31.8,39.4,37.5,52.3,48.9,31.7,32.0,33.7,42.1,69.6,-5.10,N/A,0.5100536410861848,0.4899463589138152
94,Georgetown,BE,32,17,107.1,99.9,0.6900,50.4,49.4,17.1,19.6,31.6,28.9,25.8,29.3,52.1,48.5,31.8,33.8,37.4,39.6,68.2,-4.70,N/A,0.5099220338286935,0.49007796617130656
95,Arkansas St.,SB,34,24,109.7,102.5,0.6850,49.3,45.7,15.0,17.1,33.9,30.6,34.2,37.6,50.5,46.0,31.8,30.1,44.6,35.0,69.6,-4.70,N/A,0.5094955139567028,0.49050448604329716
96,virginia,ACC,32,15,111.6,104.5,0.6819,52.7,50.8,16.4,15.7,22.4,29.7,26.4,28.8,49.9,50.6,37.5,34.1,42.8,38.7,60.9,-5.60,N/A,0.508957549716204,0.49104245028379595
97,Notre Dame,ACC,33,15,110.6,103.6,0.6777,51.7,51.4,16.5,14.9,29.6,26.0,31.8,30.0,50.8,53.6,35.5,32.1,37.5,40.5,64.6,-7.00,N/A,0.5088697728021073,0.4911302271978926
98,Loyola Chicago,A10,33,22,107.8,101.1,0.6765,52.6,49.0,17.6,17.9,29.9,27.5,31.7,33.2,53.0,48.3,34.7,33.3,42.0,40.4,66.9,-4.60,N/A,0.5085660584675976,0.4914339415324024
99,Bradley,MVC,34,26,111.0,104.2,0.6751,56.8,47.9,17.3,15.6,26.3,28.1,32.4,35.5,54.5,47.4,40.0,32.4,41.9,43.1,65.7,-2.00,N/A,0.5083287611105014,0.4916712388894985
100,akron,MAC,34,28,113.7,106.8,0.6717,55.4,49.5,16.6,17.2,33.3,29.0,26.8,33.7,55.8,50.6,36.6,31.9,45.4,38.0,71.2,-1.80,13,0.5081756533882803,0.49182434661171964
101,lipscomb,ASun,34,25,110.7,104.0,0.6716,55.9,48.6,14.4,15.9,24.0,26.5,31.4,22.3,56.7,49.9,36.7,31.0,47.4,37.2,66.1,-4.10,14,0.5081325314456416,0.49186746855435837
102,UAB,Amer,34,22,117.2,110.2,0.6711,50.7,51.6,13.9,15.5,38.8,30.7,31.6,29.2,50.5,50.6,34.1,35.7,29.4,34.2,69.0,-6.20,N/A,0.5079205960419865,0.4920794039580134
103,troy,SB,33,23,106.7,100.6,0.6613,50.1,47.2,19.9,19.8,38.6,32.0,37.8,29.3,53.9,46.2,30.3,32.6,44.8,38.1,66.1,-4.50,14,0.5072417323049911,0.49275826769500886
104,Providence,BE,32,12,111.2,105.0,0.6583,52.1,49.5,19.0,13.8,33.2,28.7,29.6,32.8,51.1,49.0,35.6,33.5,45.5,37.0,66.2,-8.50,N/A,0.5068670896675458,0.49313291033245416
105,New Mexico St.,CUSA,32,17,104.7,99.0,0.6556,46.2,46.9,15.6,15.0,32.5,27.7,34.5,39.2,46.1,48.8,30.9,29.5,37.0,42.8,64.7,-8.40,N/A,0.5065194610084298,0.4934805389915701
106,Washington St.,WCC,33,19,112.7,106.7,0.6527,56.7,51.3,20.4,17.3,31.3,33.4,32.4,32.6,58.0,52.0,36.5,33.5,41.5,38.8,70.6,-4.80,N/A,0.5062017611896821,0.49379823881031804
107,Syracuse,ACC,33,14,110.9,105.2,0.6485,51.0,52.9,17.9,14.0,31.4,26.1,33.1,33.0,51.9,53.6,32.8,34.5,32.7,38.1,68.1,-7.70,N/A,0.5057161630392184,0.4942838369607816
108,Saint Louis,A10,33,19,108.8,103.5,0.6406,56.3,48.6,18.6,14.4,23.6,28.0,29.8,24.3,59.8,47.8,35.3,33.2,50.3,39.4,67.1,-6.50,N/A,0.5050097763488729,0.49499022365112705
109,north-carolina-wilmington,CAA,34,27,112.2,106.8,0.6390,52.2,50.9,16.0,17.4,35.4,28.1,37.8,30.3,53.8,50.4,33.0,34.4,36.2,42.6,65.1,-3.30,14,0.504856127518631,0.495143872481369
110,Utah Valley,WAC,33,25,107.0,101.8,0.6378,50.8,47.4,17.3,16.9,31.1,26.6,41.8,31.8,51.4,45.7,33.0,33.8,31.1,32.9,67.9,-3.10,N/A,0.504979531524468,0.49502046847553205
111,Florida Atlantic,Amer,33,18,112.2,106.8,0.6377,53.2,49.6,16.3,16.0,30.7,31.6,33.2,33.3,53.8,46.6,34.9,36.8,40.3,35.3,68.9,-7.90,N/A,0.504856127518631,0.495143872481369
112,DePaul,BE,33,14,109.3,104.1,0.6372,52.7,51.4,17.9,15.5,27.2,28.7,27.4,28.9,53.3,51.3,34.6,34.4,46.4,35.5,67.0,-7.50,N/A,0.5047109790560044,0.4952890209439957
113,North Alabama,ASun,34,24,112.0,106.7,0.6371,51.7,50.5,12.5,16.8,33.5,29.0,30.8,27.6,51.5,51.7,34.8,32.6,34.8,43.3,66.5,-5.70,N/A,0.5046443082481907,0.4953556917518093
114,St. Thomas,Sum,34,24,114.1,108.8,0.6340,57.8,52.5,13.7,18.5,21.5,31.2,34.0,35.9,58.1,52.1,38.3,35.4,46.8,41.3,67.8,-5.20,N/A,0.5044158793694465,0.49558412063055335
115,N.C. State,ACC,31,12,107.7,102.7,0.6331,48.3,51.0,14.4,18.6,28.8,32.5,32.3,32.2,48.3,50.8,32.2,34.3,36.2,32.6,65.1,-8.90,N/A,0.5044092660799615,0.4955907339200384
116,George Washington,A10,33,21,107.6,102.7,0.6320,50.6,48.4,18.2,19.4,32.1,32.7,40.8,26.7,53.2,49.0,31.3,31.6,41.9,38.9,66.8,-6.50,N/A,0.5041770490968875,0.49582295090311235
117,Northern Iowa,MVC,32,20,108.6,103.7,0.6291,55.5,51.5,15.9,17.4,25.6,25.2,35.2,28.3,55.3,49.9,37.2,36.0,35.9,40.9,65.0,-6.60,N/A,0.5040672469287114,0.4959327530712886
118,Washington,B10,31,13,109.2,104.5,0.6260,50.6,53.0,17.5,16.7,27.5,28.5,34.5,36.2,50.1,53.3,34.4,35.1,35.7,35.4,67.6,-5.60,N/A,0.5035234532272357,0.49647654677276426
119,Northern Colorado,BSky,34,25,111.8,106.9,0.6258,57.3,52.1,15.7,15.5,25.2,22.2,33.4,35.4,58.9,51.8,36.5,35.2,38.1,34.1,68.7,-4.10,N/A,0.5037293800872767,0.4962706199127232
120,Middle Tennessee,CUSA,33,22,108.5,103.8,0.6233,50.8,48.5,16.6,16.1,30.7,29.0,32.3,31.0,52.9,49.2,31.7,31.6,39.5,35.5,68.3,-4.30,N/A,0.5035960021353579,0.49640399786464195
121,California,ACC,33,14,110.0,105.7,0.6142,47.8,53.0,16.6,16.3,34.7,28.8,38.9,32.8,48.2,51.3,31.5,37.6,37.8,32.8,67.5,-8.00,N/A,0.5024938611245908,0.4975061388754091
122,North Dakota St.,Sum,32,21,115.5,111.2,0.6085,58.2,51.4,15.6,11.1,26.2,29.0,32.6,27.1,56.5,51.3,39.8,34.3,53.6,39.1,65.0,-6.40,N/A,0.5020100397842071,0.49798996021579284
123,Duquesne,A10,32,13,106.4,102.7,0.6006,50.0,50.2,18.3,20.0,32.9,30.7,30.0,39.5,49.2,48.1,34.0,35.9,43.2,35.9,65.0,-12.80,N/A,0.5013733751154515,0.4986266248845484
124,Kennesaw St.,CUSA,33,19,107.1,103.4,0.5995,49.3,48.3,19.7,15.1,32.5,27.4,38.8,42.6,52.2,48.1,30.6,32.5,45.5,38.4,70.1,-7.20,N/A,0.5013145143923624,0.49868548560763765
125,Cornell,Ivy,29,18,114.7,110.8,0.5967,58.7,52.2,16.8,15.3,25.5,28.9,28.6,31.3,61.1,52.3,37.4,34.7,48.6,39.1,70.7,-7.20,N/A,0.5011733238778738,0.4988266761221262
126,nebraska-omaha,Sum,34,22,112.2,108.4,0.5964,53.5,53.1,15.7,14.9,29.2,25.4,36.4,37.7,52.5,53.5,36.7,35.1,38.6,44.5,67.7,-6.50,15,0.501138737628001,0.498861262371999
127,Kent St.,MAC,33,22,105.5,102.1,0.5944,48.7,48.4,17.3,18.9,35.7,28.3,30.0,39.2,50.4,49.4,30.5,31.3,37.7,41.7,65.8,-5.90,N/A,0.5007145700259672,0.49928542997403286
128,Cal St. Northridge,BW,32,22,107.7,104.4,0.5896,51.8,49.9,18.9,20.5,35.4,24.1,35.8,45.1,51.5,46.4,35.0,35.6,30.8,50.8,72.2,-4.90,N/A,0.500304990716706,0.49969500928329413
129,South Dakota St.,Sum,32,20,109.7,106.4,0.5869,53.6,50.9,17.6,12.7,33.6,21.4,31.2,29.9,54.5,52.3,34.8,32.9,40.0,47.8,69.0,-6.20,N/A,0.5001609611639313,0.4998390388360687
130,Belmont,MVC,33,22,111.9,108.5,0.5868,54.8,53.7,15.9,17.6,27.2,29.4,26.1,27.0,52.9,54.6,38.1,35.1,44.6,43.4,70.6,-5.50,N/A,0.500238874142249,0.499761125857751
131,Illinois St.,MVC,33,19,112.1,108.8,0.5829,56.0,53.8,15.8,16.7,24.6,24.9,30.7,31.4,56.6,53.5,36.9,36.1,47.5,43.3,65.6,-8.20,N/A,0.49999501249014966,0.5000049875098503
132,Jacksonville St.,CUSA,34,22,108.0,105.1,0.5782,49.6,49.4,15.7,13.3,30.9,26.5,32.2,28.0,49.1,47.7,33.5,34.5,36.4,42.5,64.6,-5.40,N/A,0.4993297512878746,0.5006702487121254
133,montana,BSky,34,25,112.0,109.0,0.5779,56.4,52.2,16.2,15.5,22.6,29.0,36.2,31.9,57.3,53.1,36.5,33.7,36.8,35.0,67.0,-3.10,14,0.4993127612753442,0.5006872387246558
134,Louisiana Tech,CUSA,32,20,107.7,105.0,0.5728,52.5,47.8,18.9,14.7,29.3,28.7,35.0,32.0,53.5,48.8,34.1,30.8,41.4,38.9,64.4,-6.40,N/A,0.49887232398930925,0.5011276760106906
135,Chattanooga,SC,33,24,114.0,111.2,0.5725,56.5,51.2,15.4,16.2,25.8,29.9,31.5,33.8,57.5,50.0,36.8,35.4,45.3,41.0,66.5,-4.10,N/A,0.49874203287487423,0.5012579671251258
136,South Alabama,SB,32,21,106.1,103.6,0.5684,50.8,48.5,14.6,20.6,28.3,32.2,33.6,24.4,53.6,46.9,31.7,33.1,45.6,59.3,63.1,-6.50,N/A,0.49848619715011794,0.5015138028498821
137,Samford,SC,32,22,110.4,108.0,0.5635,54.6,53.2,18.3,21.8,34.6,33.5,29.3,41.8,54.0,53.8,36.9,35.0,46.7,43.8,70.8,-4.90,N/A,0.49801975060964015,0.5019802493903599
138,Tulane,Amer,33,19,108.4,106.1,0.5603,52.1,48.4,15.9,17.4,27.2,32.4,35.1,32.8,52.9,48.3,33.9,32.3,39.4,43.1,66.7,-8.70,N/A,0.49788653700963154,0.5021134629903685
139,Seattle,WAC,32,14,103.0,101.0,0.5584,46.5,51.2,17.0,20.9,29.9,27.0,42.3,36.7,46.3,53.3,31.3,31.9,36.3,38.6,65.9,-12.10,N/A,0.497427154131597,0.502572845868403
140,Wichita St.,Amer,33,19,105.8,103.7,0.5582,48.7,49.9,16.4,15.7,31.9,28.4,35.2,28.3,50.1,49.9,30.2,33.3,28.4,38.3,68.6,-7.30,N/A,0.4975371345422421,0.502462865457758
141,Furman,SC,34,25,109.2,107.3,0.5515,53.6,49.2,17.0,16.5,30.0,31.0,35.4,29.0,53.2,49.2,36.0,32.9,51.4,38.6,65.8,-4.40,N/A,0.4969131562132681,0.503086843786732
142,Davidson,A10,33,17,109.3,107.4,0.5513,52.4,52.3,14.6,15.4,24.4,26.9,29.2,28.1,53.3,51.9,34.1,35.3,42.1,39.9,65.7,-9.20,N/A,0.4969091062262337,0.5030908937737664
143,UTEP,CUSA,33,18,105.8,104.0,0.5501,49.3,52.4,16.6,22.0,25.4,32.4,37.0,40.0,47.7,54.0,34.6,33.4,36.2,41.2,68.4,-8.40,N/A,0.49681496172853207,0.5031850382714679
144,Virginia Tech,ACC,32,13,106.5,104.7,0.5493,51.2,52.3,20.1,16.2,31.0,29.2,30.8,31.8,50.3,54.6,35.0,32.6,40.4,41.2,65.1,-9.20,N/A,0.4967865246403702,0.5032134753596298
145,wofford,SC,34,19,111.5,109.7,0.5466,53.3,51.8,16.9,14.9,35.5,26.2,31.1,36.2,54.6,51.8,34.5,34.5,47.7,45.8,63.9,-9.70,15,0.496593872171491,0.503406127828509
146,Miami OH,MAC,34,25,107.8,106.4,0.5364,55.4,51.3,17.4,19.1,27.5,29.0,28.1,33.3,53.9,51.9,38.2,33.6,44.0,39.9,68.8,-4.60,N/A,0.49579313324144736,0.5042068667585525
147,UC Santa Barbara,BW,34,21,108.7,107.3,0.5353,54.6,48.9,18.2,17.2,27.5,29.2,29.7,32.0,52.4,50.5,38.1,30.8,47.4,36.9,65.2,-7.90,N/A,0.4957659009126828,0.5042340990873172
148,Loyola Marymount,WCC,32,17,104.2,103.1,0.5300,50.2,48.5,15.2,15.7,22.8,30.9,29.0,28.9,50.6,49.0,33.1,31.8,40.4,36.6,67.0,-6.90,N/A,0.49517834761900786,0.5048216523809921
149,robert-morris,Horz,34,26,105.9,105.0,0.5238,51.3,50.3,18.5,18.8,35.3,28.3,38.4,30.0,50.7,49.8,34.9,34.2,36.8,35.6,67.9,-4.30,15,0.49465894235418423,0.5053410576458158
150,Texas A&M Corpus Chris,Slnd,34,20,105.8,105.0,0.5237,52.8,49.9,17.8,18.3,31.9,30.7,36.7,40.4,53.0,48.4,34.7,35.0,29.2,36.7,67.4,-8.50,N/A,0.49442278721787336,0.5055772127821266
151,UC Riverside,BW,33,21,109.9,109.0,0.5225,49.5,51.4,15.8,15.8,32.2,28.9,28.7,33.4,49.0,51.4,33.5,34.4,42.3,38.8,67.0,-4.70,N/A,0.494580970565569,0.505419029434431
152,San Jose St.,MWC,34,15,106.9,106.1,0.5220,50.6,51.9,17.4,16.6,26.9,32.2,31.5,28.6,49.1,53.9,35.1,32.0,41.2,35.2,66.2,-10.20,N/A,0.49440319045110637,0.5055968095488937
153,bryant,AE,34,23,105.8,105.3,0.5112,51.0,47.7,16.5,16.4,34.2,28.8,30.4,30.0,51.5,47.3,33.4,32.2,34.8,36.0,72.3,-7.10,15,0.4937096205496413,0.5062903794503586
154,Radford,BSth,33,20,109.8,109.3,0.5108,51.1,51.0,17.7,16.5,33.8,30.0,41.3,37.0,49.9,49.3,35.6,35.8,36.3,40.1,62.9,-7.30,N/A,0.49366638584304184,0.5063336141569581
155,Sam Houston St.,CUSA,32,13,110.3,109.9,0.5102,51.0,53.1,18.3,17.2,30.3,32.2,36.3,33.2,46.9,52.3,38.3,36.2,38.6,41.2,67.7,-11.70,N/A,0.4934336573210237,0.5065663426789764
156,Cal Baptist,WAC,32,17,105.0,104.6,0.5098,48.3,50.1,17.7,18.1,33.3,29.6,29.7,33.4,48.6,50.3,31.7,33.2,35.0,31.3,65.8,-9.60,N/A,0.49347958287348814,0.5065204171265119
157,Temple,Amer,32,17,110.5,110.4,0.5026,49.9,50.6,15.7,15.1,32.0,31.2,45.2,36.4,48.2,51.0,35.8,33.3,31.3,36.4,68.7,-9.60,N/A,0.4927518681303025,0.5072481318696974
158,James Madison,SB,32,20,110.0,110.0,0.5013,50.7,50.9,15.8,15.6,32.0,30.5,30.4,33.4,50.0,49.6,34.3,35.5,45.2,35.1,64.9,-7.40,N/A,0.49252557041699446,0.5074744295830055
159,Western Kentucky,CUSA,32,17,103.1,103.1,0.5010,47.9,47.4,15.5,17.0,23.5,28.1,32.1,40.6,48.0,48.7,31.7,30.5,39.7,44.1,71.8,-8.30,N/A,0.4925255704169945,0.5074744295830055
160,Rhode Island,A10,31,18,107.6,107.7,0.4973,52.8,49.3,17.9,16.0,28.3,28.6,41.1,30.8,53.3,50.6,34.6,31.5,37.7,39.7,70.4,-7.80,N/A,0.49229338983410087,0.5077066101658992
161,Charleston,CAA,33,24,105.2,105.3,0.4969,52.4,50.1,16.2,16.4,26.5,28.3,34.6,26.5,51.8,51.4,35.5,32.1,40.0,39.7,70.2,-4.60,N/A,0.4922880954926119,0.5077119045073882
162,Murray St.,MVC,33,16,104.7,104.9,0.4957,49.3,51.2,16.9,17.3,29.1,26.4,41.2,35.5,48.6,52.6,33.6,32.1,40.1,32.1,64.7,-10.70,N/A,0.4920485846007627,0.5079514153992374
163,Milwaukee,Horz,32,21,106.0,106.3,0.4931,51.4,51.5,19.4,18.3,39.8,26.6,38.0,32.4,53.1,52.2,31.9,33.6,31.5,38.6,68.6,-7.00,N/A,0.4918191958908831,0.5081808041091169
164,Appalachian St.,SB,31,17,100.5,100.9,0.4885,49.6,46.1,16.9,14.8,27.6,29.6,35.1,22.2,48.7,47.0,34.0,29.8,41.1,40.1,63.1,-9.50,N/A,0.4915327731486365,0.5084672268513636
165,Florida Gulf Coast,ASun,32,18,107.4,108.1,0.4831,53.9,50.5,16.2,14.3,30.0,26.5,23.1,29.5,54.1,48.9,35.7,35.1,38.4,44.0,65.2,-9.20,N/A,0.49090188227099185,0.5090981177290081
166,East Tennessee St.,SC,32,19,104.8,105.5,0.4824,50.3,50.3,16.1,18.9,35.7,29.8,33.2,34.3,48.9,49.5,34.7,34.2,41.7,41.1,65.0,-9.30,N/A,0.4908617360120252,0.5091382639879748
167,Towson,CAA,33,22,106.0,106.8,0.4801,47.9,50.8,14.5,17.3,35.3,28.0,28.4,30.7,46.7,50.7,33.4,34.1,37.2,38.8,63.5,-5.90,N/A,0.4906463968293873,0.5093536031706126
168,Nicholls St.,Slnd,33,20,105.5,106.2,0.4801,48.1,48.1,15.3,16.7,30.6,31.5,33.1,35.9,45.6,49.9,35.0,30.1,36.8,37.6,68.1,-7.50,N/A,0.4908727386243701,0.5091272613756299
169,Winthrop,BSth,34,23,107.4,108.2,0.4781,53.3,51.4,17.7,18.7,31.2,31.5,47.7,37.1,55.0,50.6,33.8,35.2,38.3,37.9,72.6,-6.20,N/A,0.49067080032754007,0.5093291996724598
170,UNC Greensboro,SC,32,20,105.4,106.2,0.4780,50.7,47.8,15.3,16.4,31.1,30.1,29.8,34.0,48.0,48.7,36.2,31.0,42.4,43.1,63.7,-7.70,N/A,0.4906357404925959,0.509364259507404
171,Marshall,SB,33,20,105.6,106.6,0.4739,49.9,49.3,16.5,16.8,33.0,29.6,34.8,40.9,51.0,49.7,32.3,32.2,39.6,32.8,68.6,-8.80,N/A,0.4901699952395994,0.5098300047604005
172,Boston College,ACC,31,12,105.2,106.2,0.4713,48.9,51.9,17.3,15.5,28.8,30.0,31.5,37.1,47.5,51.3,34.5,35.2,33.0,35.9,66.7,-9.80,N/A,0.49016108167813144,0.5098389183218686
173,Cleveland St.,Horz,33,21,102.6,103.6,0.4700,49.3,50.6,18.3,22.3,34.5,34.1,31.0,38.1,49.6,49.8,32.5,34.5,32.7,40.4,65.5,-7.80,N/A,0.49010145776866165,0.5098985422313383
174,Lamar,Slnd,33,20,101.2,102.3,0.4695,47.2,47.6,19.0,17.7,35.5,31.8,29.0,34.8,44.3,47.9,35.6,31.4,32.8,39.1,65.3,-7.40,N/A,0.4898236900073994,0.5101763099926006
175,Purdue Fort Wayne,Horz,32,19,107.5,108.8,0.4643,54.7,53.3,13.8,20.1,22.0,32.8,29.1,30.0,54.0,56.2,37.1,32.6,45.6,40.0,69.6,-8.60,N/A,0.48952142633719115,0.5104785736628089
176,Dartmouth,Ivy,28,14,100.5,101.8,0.4627,50.3,49.1,16.2,13.8,22.8,24.9,30.3,23.2,49.8,52.1,33.9,29.6,46.5,38.5,70.7,-10.60,N/A,0.48931354706239216,0.510686452937608
177,Eastern Kentucky,ASun,32,18,109.4,110.8,0.4619,49.7,52.6,13.8,17.8,32.4,33.2,26.0,31.8,47.7,52.1,34.9,35.5,42.2,37.3,67.6,-8.70,N/A,0.48934765459762897,0.5106523454023711
178,Cal Poly,BW,35,16,108.9,110.5,0.4585,55.2,53.2,20.7,19.1,27.6,33.2,26.8,32.4,56.0,54.3,36.3,34.4,51.1,39.9,74.4,-11.50,N/A,0.4888804745134065,0.5111195254865936
179,Rice,Amer,32,13,106.3,107.9,0.4579,48.6,47.8,17.8,14.0,33.7,29.6,43.3,35.9,47.8,47.5,33.2,32.1,38.8,36.9,65.4,-14.20,N/A,0.48879199467016504,0.511208005329835
180,southern-illinois-edwardsville,MVC,33,14,106.1,107.7,0.4572,51.6,52.6,18.3,15.2,30.3,28.0,34.2,33.7,51.0,51.5,35.1,36.1,33.6,39.8,67.8,-12.90,N/A,0.48878501027706495,0.511214989722935
181,UTSA,Amer,31,12,107.0,108.8,0.4507,49.7,53.3,15.7,20.6,27.0,35.5,29.0,43.9,46.1,53.2,36.1,35.7,44.1,37.9,69.7,-12.80,N/A,0.4883564939704575,0.5116435060295426
182,East Carolina,Amer,33,19,106.3,108.2,0.4490,48.4,51.7,15.6,17.4,33.8,31.2,35.2,31.6,49.3,48.5,31.2,38.4,35.2,35.3,66.5,-8.90,N/A,0.4880982419491127,0.5119017580508872
183,Portland St.,BSky,32,19,100.8,102.7,0.4483,50.5,50.0,18.4,19.6,33.4,30.4,34.3,34.9,51.7,51.6,32.0,31.7,31.7,39.1,68.2,-9.30,N/A,0.48785896029373216,0.5121410397062678
184,Miami FL,ACC,31,7,112.5,114.6,0.4479,51.9,57.4,16.0,15.0,28.2,30.8,26.4,28.8,55.1,55.9,31.3,39.7,38.5,39.9,67.4,-13.50,N/A,0.48790372864446935,0.5120962713555306
185,Drexel,CAA,33,18,103.6,105.6,0.4473,52.2,47.8,18.6,14.4,33.0,30.1,24.2,28.2,51.9,48.1,35.0,31.6,37.1,35.4,62.9,-11.70,N/A,0.48774720679634426,0.5122527932036557
186,Ohio,MAC,32,16,106.4,108.4,0.4473,53.4,52.3,14.9,17.8,23.9,29.0,33.5,36.4,53.9,50.4,35.0,37.6,40.1,32.6,70.3,-11.80,N/A,0.4878717650471271,0.5121282349528729
187,Montana St.,BSky,33,15,104.7,106.7,0.4462,52.8,48.8,15.1,15.3,20.7,29.4,31.9,31.9,53.8,50.6,34.3,29.8,43.0,32.0,65.9,-12.00,N/A,0.48779692729509533,0.5122030727049046
188,South Carolina St.,MEAC,33,20,102.4,104.4,0.4449,50.8,50.1,19.9,22.8,35.7,32.7,42.9,47.0,50.2,51.8,34.7,31.1,33.0,34.1,69.1,-9.20,N/A,0.4876917599155206,0.5123082400844794
189,Wyoming,MWC,32,12,103.1,105.2,0.4430,50.3,51.0,19.9,15.8,30.0,27.2,30.4,41.1,49.5,51.7,34.4,33.3,40.7,37.3,64.5,-10.80,N/A,0.48748664975761846,0.5125133502423814
190,Jacksonville,ASun,32,19,101.2,103.6,0.4346,50.1,50.7,19.3,18.7,35.3,30.5,28.2,34.5,47.3,50.0,37.0,34.6,33.9,38.2,67.3,-7.50,N/A,0.486668530849668,0.513331469150332
191,Illinois Chicago,MVC,32,18,105.4,107.9,0.4336,51.1,51.6,17.5,15.8,30.0,27.9,35.1,31.6,51.1,51.6,34.0,34.4,39.4,35.3,69.0,-8.40,N/A,0.4866676157045611,0.5133323842954389
192,Queens,ASun,33,19,105.9,108.5,0.4320,52.3,51.7,18.0,16.0,31.1,28.7,33.7,32.1,52.6,51.4,34.6,34.8,44.2,37.8,68.4,-8.60,N/A,0.4864645913180541,0.513535408681946
193,Oakland,Horz,34,16,106.3,108.9,0.4310,50.1,51.4,18.0,16.2,34.1,32.6,31.7,27.8,53.2,49.7,30.6,35.9,42.3,41.0,63.6,-11.20,N/A,0.4864871187702097,0.5135128812297903
194,Central Connecticut,NEC,32,25,99.0,101.5,0.4277,52.2,47.7,17.2,18.1,26.5,25.3,25.9,18.9,53.7,49.0,32.9,30.6,34.8,42.0,65.5,-4.70,N/A,0.48629371123221243,0.5137062887677876
195,norfolk-state,MEAC,34,24,106.2,109.0,0.4254,52.4,49.7,18.3,18.6,32.8,33.8,39.0,34.9,54.5,48.9,31.3,33.9,27.7,42.7,66.3,-5.30,16,0.48602271281752113,0.5139772871824789
196,Northeastern,CAA,32,17,103.9,106.9,0.4180,51.1,50.3,18.6,18.2,31.4,31.4,28.0,30.3,51.3,49.2,33.7,34.9,34.8,34.7,67.4,-11.00,N/A,0.48541292421407556,0.5145870757859243
197,Southeast Missouri St.,OVC,33,21,101.5,104.5,0.4175,51.3,47.6,15.4,19.0,24.0,28.7,28.9,42.8,51.1,48.8,34.5,30.0,36.0,31.6,68.8,-8.70,N/A,0.48524722872427767,0.5147527712757224
198,Pepperdine,WCC,35,13,106.3,109.5,0.4163,49.6,52.5,16.1,15.3,27.7,30.0,31.6,27.2,48.9,53.3,34.0,34.2,34.7,38.9,69.0,-12.40,N/A,0.48511459758710457,0.5148854024128954
199,Merrimack,MAAC,33,18,98.3,101.3,0.4163,49.4,46.9,13.8,23.2,20.8,38.6,24.4,29.9,49.3,47.2,33.0,31.0,42.9,36.3,64.4,-9.90,N/A,0.4850139074658934,0.5149860925341065
200,Abilene Christian,WAC,32,16,98.0,101.0,0.4146,46.7,51.4,20.7,24.0,30.0,31.5,37.2,51.3,47.8,52.6,28.9,32.6,25.3,32.5,69.1,-10.50,N/A,0.4849912643387381,0.5150087356612619
201,Brown,Ivy,27,14,102.4,105.6,0.4117,51.1,49.3,17.1,15.7,30.1,30.7,28.0,29.1,52.1,49.2,33.1,32.9,40.5,37.4,65.7,-8.70,N/A,0.4848367500060508,0.5151632499939492
202,South Florida,Amer,32,13,102.3,105.5,0.4110,49.7,49.7,16.2,18.3,27.7,33.2,34.9,36.7,51.1,49.6,31.6,33.3,37.6,37.5,68.2,-12.50,N/A,0.48482935149707806,0.5151706485029219
203,Indiana St.,MVC,32,14,108.3,112.1,0.4017,54.6,54.3,19.5,15.8,26.2,27.0,35.9,38.8,56.6,54.5,35.0,35.9,50.1,38.0,72.3,-12.50,N/A,0.4839090280320599,0.5160909719679401
204,Hampton,CAA,33,17,103.3,107.0,0.3979,47.5,52.6,16.0,18.8,34.0,28.7,30.3,43.6,46.9,53.3,32.4,34.2,36.7,35.7,65.5,-11.60,N/A,0.4837328920832311,0.5162671079167689
205,Idaho St.,BSky,30,15,105.8,109.8,0.3965,47.8,54.1,16.3,17.9,38.3,25.9,34.4,32.7,48.3,53.0,31.2,37.3,36.6,37.7,65.8,-10.50,N/A,0.48325377703904654,0.5167462229609535
206,Princeton,Ivy,30,19,103.2,107.1,0.3955,51.5,53.4,15.2,17.3,26.2,24.2,24.6,31.7,50.1,53.5,35.3,35.5,48.7,40.8,66.6,-6.30,N/A,0.48325774389655507,0.5167422561034449
207,Missouri St.,MVC,32,9,101.7,105.6,0.3947,50.9,54.7,20.7,19.1,32.0,28.4,34.3,38.5,49.1,55.0,36.0,36.1,37.0,39.4,63.8,-17.30,N/A,0.48312365965933146,0.5168763403406684
208,Southeastern Louisiana,Slnd,32,18,104.1,108.1,0.3932,49.2,51.4,17.4,18.8,30.9,29.4,34.7,36.5,49.5,51.9,32.4,33.7,31.6,42.2,66.9,-9.60,N/A,0.48310526046566454,0.5168947395343355
209,La Salle,A10,33,14,103.3,107.3,0.3921,46.1,52.6,15.5,16.7,30.5,29.5,31.4,30.0,44.5,54.5,32.8,33.2,33.2,41.5,68.6,-11.60,N/A,0.4830337114741216,0.5169662885258783
210,Texas St.,SB,32,16,108.1,112.4,0.3899,50.7,49.9,18.1,16.1,35.2,31.5,36.0,41.6,49.3,47.4,36.4,36.1,27.8,36.4,65.9,-11.70,N/A,0.48278002348600185,0.5172199765139982
211,Quinnipiac,MAAC,33,20,101.8,105.9,0.3899,48.4,49.5,17.9,17.1,33.5,26.0,31.1,28.3,50.7,46.7,29.8,36.1,38.0,37.1,71.5,-9.30,N/A,0.4826606822724439,0.517339317727556
212,Massachusetts,A10,32,12,101.6,105.7,0.3891,45.1,49.8,16.1,17.5,34.3,31.0,34.0,36.6,46.6,49.7,28.0,33.2,32.2,39.9,70.4,-13.40,N/A,0.48264165289983685,0.517358347100163
213,Youngstown St.,Horz,34,21,102.3,106.4,0.3879,49.8,48.8,17.6,18.0,29.3,31.2,36.4,35.8,52.1,48.1,31.3,33.5,46.2,32.8,69.2,-9.20,N/A,0.48270793666586764,0.5172920633341324
214,Bucknell,Pat,33,18,103.4,107.7,0.3856,53.8,50.3,18.6,17.0,26.0,28.0,36.7,35.4,54.4,49.0,35.3,34.7,41.0,40.6,67.4,-10.30,N/A,0.48234619944573154,0.5176538005542685
215,Southern,SWAC,32,20,98.5,102.7,0.3836,47.2,49.2,18.5,21.1,34.4,28.5,38.1,42.3,47.4,48.2,31.2,33.8,33.3,39.4,68.3,-7.30,N/A,0.48209378237329215,0.5179062176267079
216,Fordham,A10,33,12,106.3,110.9,0.3810,48.6,52.8,18.4,16.7,31.5,30.6,32.8,39.2,49.1,52.6,32.0,35.5,41.5,31.8,69.5,-14.00,N/A,0.4819419689254264,0.5180580310745737
217,Seton Hall,BE,32,7,97.5,101.7,0.3809,44.7,54.6,19.1,22.2,31.2,31.8,32.9,39.6,43.9,54.5,31.2,36.6,30.5,44.4,64.4,-13.20,N/A,0.48198907854680706,0.5180109214531929
218,SIU Edwardsville,OVC,33,22,101.3,105.7,0.3796,48.9,47.5,17.1,17.3,31.8,29.1,33.1,33.2,47.8,46.3,34.0,33.0,36.3,38.6,65.8,-7.80,16,0.4819033013831566,0.5180966986168434
219,Valparaiso,MVC,34,15,105.1,109.8,0.3789,47.7,53.7,14.0,17.1,26.5,28.5,33.6,35.4,47.3,54.2,32.3,35.2,38.4,36.0,67.9,-13.00,N/A,0.4815962685999051,0.5184037314000949
220,Wright St.,Horz,33,15,108.5,113.3,0.3785,56.3,53.2,17.8,14.2,28.0,27.9,27.0,34.5,55.3,52.2,38.6,36.7,37.8,36.0,67.3,-13.80,N/A,0.48171092805293636,0.5182890719470635
221,William & Mary,CAA,32,17,106.4,111.2,0.3761,53.7,53.5,18.1,17.6,26.2,30.2,35.6,35.5,55.8,54.4,34.5,34.8,51.5,41.6,71.4,-10.70,N/A,0.4815022583611412,0.5184977416388589
222,Central Michigan,MAC,31,14,104.7,109.4,0.3754,49.8,53.1,17.6,18.2,32.1,29.1,35.8,31.3,51.2,52.5,31.3,35.9,33.3,43.9,67.2,-11.50,N/A,0.48155544387723614,0.5184445561227637
223,Campbell,CAA,32,15,101.2,105.9,0.3724,50.0,52.4,15.8,18.8,24.6,27.7,29.7,29.9,51.5,55.8,31.9,31.1,41.8,36.8,65.8,-12.70,N/A,0.4811847782908124,0.5188152217091876
224,Richmond,A10,32,10,103.5,108.4,0.3720,48.4,52.7,15.4,15.8,19.3,27.7,29.7,37.1,49.7,52.4,31.2,35.4,45.6,48.6,63.8,-15.00,N/A,0.4809700910852282,0.5190299089147719
225,Northwestern St.,Slnd,32,16,102.0,107.0,0.3667,48.7,49.8,20.2,17.4,33.1,32.6,32.2,33.1,46.5,46.8,35.2,36.2,35.7,39.7,63.8,-9.70,N/A,0.48057079636027006,0.51942920363973
226,UNC Asheville,BSth,32,21,107.1,112.3,0.3666,52.0,53.4,14.8,18.0,29.7,34.1,34.4,40.1,52.4,53.8,34.2,35.2,35.0,38.9,67.8,-6.50,N/A,0.48068191350470074,0.5193180864952992
227,Hofstra,CAA,33,15,97.8,102.5,0.3662,48.9,45.9,17.6,16.4,25.8,28.6,25.3,38.0,48.1,42.6,33.2,33.9,42.3,40.4,63.6,-13.50,N/A,0.4807999038758302,0.5192000961241698
228,Elon,CAA,32,17,106.0,111.3,0.3627,50.2,48.1,19.0,13.3,36.3,31.4,38.8,24.7,50.8,47.1,32.8,32.9,41.7,43.5,64.9,-11.00,N/A,0.48033761749472476,0.5196623825052753
229,UMKC,Sum,33,13,100.5,105.5,0.3624,48.4,51.2,18.6,17.1,32.8,29.7,30.9,35.2,47.5,53.6,33.1,31.8,44.0,40.8,64.3,-14.80,N/A,0.4803967608553724,0.5196032391446276
230,Longwood,BSth,32,18,105.0,110.3,0.3608,51.3,55.9,18.0,20.7,32.1,29.6,45.4,38.3,52.3,59.8,32.9,33.7,33.9,41.6,68.9,-9.80,N/A,0.4802244408157898,0.5197755591842103
231,Hawaii,BW,31,15,102.1,107.4,0.3606,50.6,49.5,20.7,13.1,31.0,24.9,39.9,33.7,53.1,48.0,31.0,35.0,37.4,32.4,65.8,-11.00,N/A,0.4798840132264565,0.5201159867735435
232,Tennessee St.,OVC,33,17,102.9,108.2,0.3602,51.3,48.8,21.1,17.4,33.8,30.3,41.4,39.3,52.5,48.1,32.6,33.4,33.6,35.9,70.5,-13.00,N/A,0.4799797920187415,0.5200202079812584
233,Vermont,AE,33,21,99.5,104.7,0.3577,49.0,48.8,17.3,15.7,26.2,25.8,29.8,27.1,49.5,48.3,32.3,33.0,43.5,38.6,62.5,-8.20,N/A,0.47980064474631895,0.5201993552536811
234,Maine,AE,34,20,99.0,104.2,0.3572,51.6,50.4,15.5,21.9,21.8,32.3,28.2,29.0,50.6,50.7,35.7,33.3,33.0,36.2,65.9,-10.30,N/A,0.4797380460277281,0.5202619539722719
235,Delaware,CAA,36,16,108.9,114.6,0.3563,55.1,52.2,16.6,15.5,22.4,32.5,30.0,32.9,54.1,51.9,37.7,35.3,39.9,34.1,70.2,-15.20,N/A,0.47978160074995574,0.5202183992500443
236,UT Rio Grande Valley,Slnd,31,16,104.5,110.0,0.3561,51.7,51.4,19.2,17.6,30.8,33.9,22.7,29.9,55.4,52.0,31.8,33.4,49.0,35.1,70.5,-10.20,N/A,0.4797128337501008,0.5202871662498991
237,South Dakota,Sum,33,19,108.4,114.2,0.3522,50.1,54.8,12.6,17.3,30.0,35.7,45.4,35.2,51.7,55.4,31.6,35.9,37.5,38.9,74.4,-9.00,N/A,0.47950570035910783,0.5204942996408922
238,Harvard,Ivy,27,12,102.0,107.8,0.3451,50.6,52.2,18.0,17.7,25.0,31.1,24.4,24.6,52.2,53.4,32.0,33.5,39.9,36.5,65.6,-10.80,N/A,0.4787116798992376,0.5212883201007625
239,UT Arlington,WAC,31,13,106.4,112.5,0.3443,51.7,50.4,19.2,16.4,32.8,32.5,37.0,34.3,50.6,48.5,35.4,36.0,42.2,34.9,67.5,-12.90,N/A,0.4786011817295387,0.5213988182704612
240,Tulsa,Amer,33,13,101.9,107.9,0.3415,49.5,49.7,16.9,14.4,27.2,31.1,34.2,33.6,51.5,50.0,31.2,32.7,42.3,34.0,66.2,-14.60,N/A,0.47823554240397526,0.5217644575960246
241,North Dakota,Sum,33,12,107.9,114.4,0.3388,49.7,56.5,16.6,15.0,33.7,28.7,33.6,33.0,50.3,57.1,32.5,37.1,40.0,40.6,68.9,-15.10,N/A,0.4779153406059714,0.5220846593940285
242,Iona,MAAC,34,17,99.4,105.4,0.3361,47.5,51.7,20.9,22.8,39.1,30.9,27.9,35.6,47.5,53.9,31.8,32.6,34.7,44.5,68.2,-13.90,N/A,0.4778868174927078,0.5221131825072922
243,American,Pat,34,22,101.2,107.4,0.3354,51.8,52.1,16.8,17.6,23.8,27.4,29.5,34.1,51.1,53.1,35.1,33.6,44.8,35.7,63.4,-8.30,16,0.4776745118914949,0.5223254881085051
244,UC Davis,BW,32,15,97.4,103.4,0.3352,46.3,50.0,19.7,21.8,27.6,33.6,38.3,39.2,45.1,48.3,32.2,35.2,35.5,37.7,67.1,-11.20,N/A,0.4775953390660273,0.5224046609339728
245,Incarnate Word,Slnd,33,17,105.2,111.8,0.3314,51.1,52.0,18.1,17.5,34.5,31.4,27.5,34.7,49.7,50.8,35.8,36.4,36.3,31.2,64.1,-11.90,N/A,0.47732850509762537,0.5226714949023746
246,Georgia St.,SB,33,14,107.2,113.9,0.3304,50.4,51.0,16.9,12.9,32.4,31.9,33.8,26.2,49.8,51.8,34.4,33.2,33.3,41.5,69.1,-13.30,N/A,0.47738430008102567,0.5226156999189744
247,Northern Arizona,BSky,33,18,103.7,110.2,0.3302,50.3,53.3,15.4,14.8,31.5,23.8,29.6,34.3,49.4,52.8,34.5,36.0,38.2,37.0,66.6,-11.50,N/A,0.4773418473593186,0.5226581526406815
248,Sacred Heart,MAAC,33,15,105.0,111.8,0.3274,51.0,51.8,17.7,17.6,31.4,29.9,26.3,27.6,50.3,50.8,34.5,35.4,44.6,43.1,70.3,-14.70,N/A,0.47685376629594967,0.5231462337040503
249,Georgia Southern,SB,33,17,102.9,109.6,0.3274,50.6,50.1,19.0,18.4,33.0,33.0,26.5,43.1,49.8,51.2,34.5,32.3,44.3,40.1,69.5,-11.40,N/A,0.4767718126468276,0.5232281873531723
250,Northern Kentucky,Horz,33,17,102.6,109.4,0.3217,49.8,52.5,17.3,19.9,31.0,32.5,31.3,29.3,50.0,50.6,33.0,37.0,40.0,40.1,65.9,-11.30,N/A,0.4764991030531802,0.5235008969468197
251,Portland,WCC,32,12,106.3,113.5,0.3211,50.1,54.6,18.0,13.2,23.9,29.9,32.2,22.1,49.8,53.3,33.7,37.8,43.6,40.9,68.2,-12.70,N/A,0.4761587190959941,0.523841280904006
252,Idaho,BSky,33,14,107.9,115.2,0.3207,51.8,54.0,17.9,15.1,28.9,31.3,33.6,35.7,51.5,55.1,34.7,34.9,47.9,39.9,66.3,-14.00,N/A,0.4761768467120764,0.5238231532879236
253,Toledo,MAC,33,18,110.8,118.5,0.3156,50.5,56.4,13.7,15.5,29.8,30.9,35.5,26.5,50.6,55.9,33.6,38.2,28.6,37.5,68.3,-9.10,N/A,0.4757475137746385,0.5242524862253615
254,Little Rock,OVC,33,19,98.0,104.9,0.3146,49.5,46.7,20.4,21.5,30.4,35.4,29.0,37.9,47.2,46.3,36.6,31.4,30.3,44.2,66.7,-10.10,N/A,0.475534557800455,0.5244654421995449
255,Cal St. Bakersfield,BW,33,14,105.3,112.8,0.3129,48.2,54.3,18.8,18.9,35.6,29.7,34.5,46.9,45.3,54.8,37.2,35.7,28.4,41.5,66.0,-13.80,N/A,0.47534429719240406,0.524655702807596
256,Presbyterian,BSth,32,14,103.1,110.5,0.3113,51.2,52.5,16.3,17.7,29.6,31.3,31.2,39.2,49.7,52.9,36.0,34.4,34.2,34.7,64.3,-13.90,N/A,0.47521630829426614,0.5247836917057338
257,Jackson St.,SWAC,34,16,100.3,107.6,0.3081,47.7,50.6,19.5,17.4,30.1,30.0,37.5,30.6,47.1,50.3,32.6,34.1,33.7,41.7,68.4,-10.60,N/A,0.4749821847071408,0.5250178152928592
258,Fresno St.,MWC,32,6,100.8,108.2,0.3057,46.1,54.0,17.7,18.0,27.0,34.0,36.4,23.5,45.6,56.0,31.3,34.2,35.3,43.0,70.7,-16.40,N/A,0.4748355404252245,0.5251644595747755
259,Manhattan,MAAC,30,17,107.2,115.1,0.3048,50.7,50.5,17.0,15.2,32.6,31.9,31.0,25.9,50.3,51.8,34.2,32.5,41.9,42.3,67.4,-10.10,N/A,0.4747701927246975,0.5252298072753026
260,Monmouth,CAA,33,13,103.8,111.7,0.3012,47.2,50.7,16.2,16.6,29.7,34.8,36.7,36.1,44.2,50.7,35.2,33.8,34.6,40.7,67.1,-14.50,N/A,0.4742102370876035,0.5257897629123964
261,Evansville,MVC,32,11,98.1,105.6,0.2992,48.8,50.2,17.7,16.7,22.6,29.2,31.1,34.6,51.5,49.4,29.9,34.1,40.6,44.9,66.9,-15.10,N/A,0.47413038342343344,0.5258696165765665
262,Charlotte,Amer,33,11,104.2,112.2,0.2985,48.3,54.2,15.1,14.6,25.4,29.2,42.7,37.0,49.6,56.4,31.0,33.3,40.9,34.5,64.7,-16.40,N/A,0.4740556199136326,0.5259443800863673
263,mount-st-marys,MAAC,34,22,99.4,107.5,0.2903,51.0,48.0,21.7,15.9,31.1,28.3,31.0,26.7,50.1,48.7,34.9,31.4,41.0,44.5,67.3,-8.20,16,0.47296671756792813,0.5270332824320719
264,UMass Lowell,AE,32,17,107.0,115.7,0.2901,54.6,51.6,18.1,14.7,26.1,30.3,31.6,25.2,56.3,50.5,34.2,35.6,34.6,34.7,68.6,-11.60,N/A,0.47300832930226644,0.5269916706977334
265,North Florida,ASun,32,15,108.0,116.8,0.2882,53.2,54.1,15.0,14.7,27.9,34.2,24.8,31.1,54.0,54.5,35.0,35.5,54.0,31.1,72.2,-11.40,N/A,0.4729684351914037,0.5270315648085964
266,FIU,CUSA,33,10,96.1,103.9,0.2879,46.1,51.6,19.5,20.6,31.0,29.6,36.0,37.5,47.4,52.6,28.8,33.3,30.1,39.5,68.4,-17.40,N/A,0.47304128749485935,0.5269587125051406
267,Houston Christian,Slnd,32,12,100.4,108.6,0.2875,49.1,52.6,18.0,17.9,26.0,32.0,30.5,29.4,49.3,54.5,32.5,32.3,44.0,31.8,64.5,-14.70,N/A,0.47292422575610965,0.5270757742438903
268,Gardner Webb,BSth,31,11,102.3,110.7,0.2867,51.9,52.0,20.8,14.8,33.4,30.2,36.2,37.2,53.1,54.2,33.0,32.3,33.1,38.0,69.0,-15.00,N/A,0.4728232821155733,0.5271767178844267
269,Denver,Sum,32,11,99.9,108.4,0.2825,50.3,54.3,18.5,17.6,26.1,29.1,31.6,49.8,50.5,56.2,33.3,34.1,36.9,37.9,66.4,-15.90,N/A,0.47213930122894193,0.527860698771058
270,Siena,MAAC,32,14,102.0,110.6,0.2823,49.4,51.7,17.2,18.2,28.8,30.0,37.3,31.4,49.5,51.8,32.8,34.3,39.9,34.2,67.0,-14.60,N/A,0.47231653462929674,0.5276834653707032
271,Eastern Michigan,MAC,32,16,104.3,113.2,0.2791,52.4,53.7,18.7,17.8,29.6,31.7,33.0,38.5,52.4,51.9,35.0,37.7,38.2,38.8,67.1,-12.20,N/A,0.4720828772184536,0.5279171227815465
272,Colgate,Pat,33,14,104.0,113.1,0.2770,54.2,53.3,16.7,16.3,23.7,26.9,22.6,25.5,54.6,51.5,35.7,37.3,42.2,40.0,67.0,-14.90,N/A,0.4715852912095673,0.5284147087904326
273,Ball St.,MAC,31,14,103.4,112.5,0.2762,51.3,51.6,16.4,14.1,26.4,27.9,44.5,30.7,51.0,54.5,34.6,31.5,37.1,39.7,66.3,-13.80,N/A,0.4714689757296368,0.5285310242703631
274,alabama-state,SWAC,34,19,100.5,109.6,0.2698,47.1,50.3,13.2,18.6,28.3,31.1,29.9,38.7,45.4,50.4,32.9,33.4,42.9,39.5,67.6,-10.20,16,0.47088806556640844,0.5291119344335915
275,Bowling Green,MAC,32,14,99.4,108.6,0.2656,49.9,52.6,17.5,17.3,25.6,27.4,34.5,29.8,49.6,54.6,33.5,33.2,39.7,42.4,68.7,-14.30,N/A,0.47042973764547746,0.5295702623545225
276,Albany,AE,33,17,103.0,112.5,0.2656,49.3,54.9,15.7,19.8,32.3,28.4,29.5,34.7,50.2,55.8,31.7,35.6,36.0,34.9,67.5,-12.90,N/A,0.47050324539096106,0.5294967546090389
277,Mercer,SC,33,14,98.2,107.4,0.2643,48.9,50.8,16.6,16.8,28.8,28.7,29.8,32.8,49.8,49.7,31.8,34.7,40.1,46.0,70.9,-14.50,N/A,0.4701719820537805,0.5298280179462195
278,Eastern Washington,BSky,32,10,101.8,111.3,0.2635,50.9,54.4,18.7,19.0,26.9,33.6,31.1,39.7,52.5,53.8,32.3,36.9,37.6,38.4,67.0,-16.40,N/A,0.47025538813698525,0.5297446118630147
279,Pacific,WCC,33,9,100.7,110.2,0.2616,48.1,53.2,19.3,15.4,28.8,28.2,32.8,37.1,50.3,52.9,29.7,35.8,37.8,39.5,66.5,-15.70,N/A,0.47002323341077806,0.529976766589222
280,LIU,NEC,33,17,94.8,103.9,0.2581,47.7,48.0,20.1,19.2,32.3,27.0,27.6,43.5,48.8,48.8,30.3,31.2,33.4,39.8,64.8,-12.70,N/A,0.4696475079593828,0.5303524920406172
281,Western Michigan,MAC,32,12,101.8,111.7,0.2555,47.0,54.5,15.8,16.6,34.4,27.9,31.0,33.2,49.3,55.0,28.2,35.8,32.9,41.0,67.7,-14.90,N/A,0.4693617964651371,0.5306382035348629
282,Texas Southern,SWAC,32,15,95.4,104.9,0.2530,47.5,47.4,19.8,19.6,30.5,34.7,28.9,36.2,46.2,46.5,33.1,32.6,35.8,41.3,69.9,-11.90,N/A,0.46883323952021067,0.5311667604797894
283,Austin Peay,ASun,33,14,102.0,112.2,0.2505,48.7,53.8,14.8,16.8,25.8,31.2,28.9,36.0,47.1,52.0,34.0,37.9,40.2,35.9,65.9,-13.40,N/A,0.46873830026207414,0.5312616997379259
284,Marist,MAAC,30,20,96.5,106.2,0.2491,49.9,46.9,18.4,16.4,30.6,25.6,22.4,33.2,51.5,44.9,31.4,33.7,37.6,35.4,64.0,-8.10,N/A,0.4686210320538679,0.5313789679461322
285,Tarleton St.,WAC,32,12,93.2,102.7,0.2483,45.9,52.1,25.1,23.3,28.1,33.9,41.5,48.3,45.0,52.9,32.2,33.9,25.6,42.2,65.5,-13.30,N/A,0.46830148485327655,0.5316985151467235
286,Stephen F. Austin,Slnd,31,14,95.4,105.1,0.2462,46.7,49.2,22.2,20.2,34.6,33.1,32.3,34.1,48.8,47.8,28.7,34.4,36.9,37.1,67.3,-12.40,N/A,0.46835892742445884,0.5316410725755412
287,Navy,Pat,34,15,101.0,111.5,0.2431,48.0,52.5,16.1,17.8,31.3,27.2,33.8,33.8,46.8,52.6,33.3,34.9,37.1,41.2,66.9,-16.20,N/A,0.4678434404910336,0.5321565595089663
288,Tennessee Martin,OVC,33,14,102.0,112.6,0.2428,47.6,52.3,19.5,18.9,34.7,30.8,34.4,33.9,48.5,52.0,31.1,35.0,47.3,48.2,66.2,-15.50,N/A,0.4678521970413031,0.532147802958697
289,Air Force,MWC,32,4,98.7,109.3,0.2375,50.1,54.6,20.8,15.7,22.7,29.0,35.4,35.4,50.5,54.8,33.1,36.3,48.5,36.2,64.4,-19.20,N/A,0.46706988790086834,0.5329301120991317
290,Tennessee Tech,OVC,32,15,101.1,111.9,0.2370,50.7,49.6,17.4,15.2,25.0,32.4,28.8,22.2,49.0,50.6,35.1,31.9,46.4,34.1,67.8,-13.20,N/A,0.46719832044061854,0.5328016795593814
291,Weber St.,BSky,34,12,100.9,111.8,0.2350,50.2,53.4,16.9,16.5,24.4,30.1,34.7,37.2,51.1,52.2,32.4,36.7,37.2,43.0,65.4,-17.10,N/A,0.4669279627187406,0.5330720372812594
292,San Diego,WCC,33,6,100.1,111.0,0.2333,45.7,54.0,18.4,18.5,29.9,31.6,30.5,46.1,46.3,51.6,29.7,38.5,35.8,38.3,70.9,-19.50,N/A,0.46673409922417797,0.533265900775822
293,Old Dominion,SB,35,15,99.4,110.6,0.2266,44.1,51.2,16.9,16.0,36.4,32.0,30.9,35.0,45.0,51.2,28.3,34.1,35.8,35.3,66.0,-15.40,N/A,0.4658861018228321,0.5341138981771679
294,Lafayette,Pat,33,13,97.6,108.7,0.2263,50.2,50.4,16.6,16.7,24.0,28.0,30.5,26.9,49.7,48.3,34.0,35.8,40.3,37.9,66.1,-16.80,N/A,0.46565062941518537,0.5343493705848146
295,Saint Peter's,MAAC,28,12,94.8,105.5,0.2260,44.7,47.3,20.7,17.6,37.0,31.0,34.7,37.6,42.4,47.0,32.2,31.9,38.5,38.0,63.7,-13.40,N/A,0.4658429120127355,0.5341570879872646
296,Bethune Cookman,SWAC,33,17,97.3,108.5,0.2230,48.2,48.8,19.5,16.7,28.8,30.0,35.9,32.4,48.4,49.8,31.9,31.3,33.9,36.9,68.9,-10.20,N/A,0.4653428811320452,0.5346571188679549
297,Oral Roberts,Sum,30,7,103.8,115.7,0.2220,50.0,55.0,16.3,13.9,22.6,33.1,35.0,38.2,48.5,56.6,34.4,35.0,45.7,40.2,67.2,-17.30,N/A,0.46544651241750856,0.5345534875824915
298,Utah Tech,WAC,33,7,101.7,113.7,0.2185,48.8,53.0,18.3,17.4,26.2,33.5,33.7,41.1,47.9,53.7,33.4,34.4,39.8,31.5,67.3,-19.80,N/A,0.464699815402403,0.5353001845975969
299,Columbia,Ivy,27,12,104.2,116.5,0.2172,52.6,56.4,15.4,16.4,25.9,26.7,29.5,25.4,53.9,54.6,33.8,39.2,39.1,41.8,70.8,-11.40,N/A,0.46468910756227927,0.5353108924377207
300,Lehigh,Pat,30,11,99.5,111.3,0.2161,51.1,50.7,15.6,16.1,21.4,29.1,31.5,33.9,49.1,53.0,36.4,31.2,37.3,36.7,67.1,-15.30,N/A,0.46456660612863654,0.5354333938713636
301,Saint Francis,NEC,33,16,99.9,112.0,0.2114,51.6,51.3,19.6,16.4,25.4,30.0,23.8,28.7,52.6,53.4,33.4,32.3,41.9,43.2,67.2,-12.20,16,0.464005092841975,0.535994907158025
302,Howard,MEAC,32,12,103.1,115.7,0.2100,53.5,52.3,21.2,16.5,29.0,33.8,35.7,40.9,52.6,53.1,36.6,33.8,38.4,33.5,69.6,-15.60,N/A,0.46376334636562805,0.5362366536343719
303,Penn,Ivy,27,8,103.1,115.7,0.2090,49.4,53.0,16.4,13.4,26.8,29.7,28.9,25.8,49.9,50.8,32.6,37.5,44.4,39.2,66.8,-13.90,N/A,0.46376334636562805,0.5362366536343719
304,Fairleigh Dickinson,NEC,33,13,97.7,109.7,0.2073,49.1,50.5,17.1,17.6,25.9,32.0,32.1,30.4,49.7,53.3,32.2,30.3,41.5,35.6,69.2,-15.80,N/A,0.4636274254889639,0.5363725745110361
305,Louisiana,SB,33,12,97.4,109.7,0.2042,45.7,51.3,16.0,19.1,25.9,35.5,29.8,43.8,45.0,53.8,31.3,31.5,38.1,36.9,66.2,-15.90,N/A,0.4628627431034496,0.5371372568965505
306,Southern Miss,SB,33,11,96.4,108.6,0.2021,47.9,50.2,19.5,16.1,28.1,30.2,33.8,35.4,49.8,51.2,29.8,32.5,36.9,38.4,70.7,-17.20,N/A,0.4628025651605066,0.5371974348394933
307,Rider,MAAC,33,14,101.8,114.8,0.2013,47.7,53.1,17.2,16.0,32.2,30.7,29.6,27.3,48.1,52.8,31.2,35.7,30.1,40.9,64.8,-14.70,N/A,0.4625499372880569,0.5374500627119431
308,Charleston Southern,BSth,32,10,99.0,111.6,0.2007,48.7,53.4,19.9,13.5,31.2,28.2,43.9,33.3,50.7,55.4,30.7,32.4,42.0,29.2,67.5,-16.10,N/A,0.4626444504165547,0.5373555495834452
309,Long Beach St.,BW,32,7,100.7,113.6,0.2000,49.2,53.4,21.7,17.1,28.5,34.9,35.5,35.2,47.0,51.2,35.3,38.1,37.1,37.6,64.0,-18.90,N/A,0.4624613565235764,0.5375386434764235
310,Loyola MD,Pat,31,12,99.7,112.7,0.1972,50.1,52.8,17.7,16.9,28.6,27.9,29.3,30.2,50.7,52.9,32.9,35.1,39.6,35.7,66.5,-16.10,N/A,0.4619577406096206,0.5380422593903793
311,VMI,SC,34,15,98.4,111.3,0.1947,48.5,54.2,18.0,17.6,25.2,32.1,37.5,30.5,50.3,56.3,31.0,34.5,46.9,47.5,68.0,-14.80,N/A,0.4618024708573331,0.5381975291426669
312,Army,Pat,31,16,100.1,113.4,0.1935,49.7,53.7,14.7,16.0,25.8,29.3,25.8,27.1,52.1,55.2,30.8,34.5,41.1,42.2,67.5,-12.00,N/A,0.4614139623108325,0.5385860376891675
313,Delaware St.,MEAC,30,16,100.9,114.3,0.1923,48.8,53.8,18.1,20.0,34.0,32.1,36.3,40.3,47.6,56.3,35.5,33.5,20.7,41.1,70.1,-11.00,N/A,0.4614276457425802,0.5385723542574198
314,IU Indy,Horz,32,10,109.0,123.5,0.1921,50.4,57.0,15.7,16.0,30.6,33.6,34.1,35.1,46.2,57.8,36.8,37.3,47.3,40.8,64.8,-17.70,N/A,0.46137878106584895,0.538621218934151
315,Eastern Illinois,OVC,31,12,93.3,105.8,0.1912,44.1,51.0,18.7,20.8,30.0,30.9,33.0,39.7,42.6,50.2,31.7,34.7,29.7,44.4,66.1,-14.50,N/A,0.46117075204426805,0.5388292479557321
316,Binghamton,AE,32,15,98.8,112.1,0.1891,51.6,49.7,19.6,12.8,26.9,26.9,33.7,31.9,50.6,51.1,35.4,31.8,36.2,40.3,65.5,-14.20,N/A,0.46103077598538383,0.5389692240146161
317,Boston University,Pat,32,16,98.1,111.4,0.1890,50.2,52.4,20.6,16.7,32.5,23.4,30.7,32.0,50.7,51.2,33.0,36.1,41.9,40.2,63.2,-13.20,N/A,0.46082050912627304,0.539179490873727
318,UMBC,AE,32,13,104.8,119.0,0.1873,55.2,54.1,15.9,17.4,19.4,33.7,31.6,27.9,53.8,54.2,38.4,35.8,38.4,34.4,70.4,-15.70,N/A,0.4608379612783946,0.5391620387216054
319,Lindenwood,OVC,33,16,94.5,107.6,0.1826,45.0,50.7,17.9,19.4,30.0,31.5,36.0,34.7,47.6,50.0,26.7,34.6,34.6,37.5,69.4,-12.90,N/A,0.460154481599888,0.539845518400112
320,North Carolina Central,MEAC,33,14,102.4,116.7,0.1823,50.1,54.8,19.2,21.0,34.6,38.8,39.8,42.0,49.9,57.6,33.7,32.7,34.0,32.8,66.9,-15.40,N/A,0.4599311635822776,0.5400688364177224
321,Morehead St.,OVC,32,15,98.0,111.7,0.1818,45.9,50.3,18.4,14.4,31.2,25.4,37.6,34.7,45.5,49.9,31.2,34.1,34.1,33.4,64.0,-13.20,N/A,0.45989902132396765,0.5401009786760324
322,Alcorn St.,SWAC,32,11,97.3,110.9,0.1816,46.1,53.0,19.6,18.3,33.6,32.5,30.4,31.5,45.4,54.6,31.8,34.1,29.6,45.3,64.7,-15.00,N/A,0.45990382081586945,0.5400961791841306
323,Grambling St.,SWAC,34,12,95.3,108.6,0.1816,47.3,49.3,19.2,18.3,26.3,31.1,35.1,31.3,46.9,47.0,32.0,35.7,35.0,35.6,63.8,-16.90,N/A,0.4599505955061032,0.5400494044938969
324,Coastal Carolina,SB,32,10,100.8,115.0,0.1789,49.4,48.6,18.4,10.5,29.0,28.7,34.4,36.9,47.7,48.5,34.8,32.5,39.2,36.3,63.1,-18.30,N/A,0.45966441280983245,0.5403355871901675
325,Southern Utah,WAC,31,12,95.8,109.4,0.1787,46.8,49.9,21.6,15.1,30.1,32.0,36.2,33.0,47.2,49.8,30.5,33.3,32.6,27.7,68.9,-13.60,N/A,0.459427366705022,0.540572633294978
326,Florida A&M,SWAC,31,14,101.9,116.4,0.1780,50.6,51.4,20.7,15.4,27.7,31.9,36.7,39.9,50.8,51.5,33.6,34.2,46.6,36.5,67.1,-10.80,N/A,0.45935475136713155,0.5406452486328684
327,Niagara,MAAC,31,11,100.6,115.3,0.1724,52.0,53.0,18.6,16.8,23.6,27.3,30.4,29.8,51.8,51.8,34.9,36.7,42.8,38.4,64.8,-16.80,N/A,0.4585242467641493,0.5414757532358507
328,Stonehill,NEC,32,15,99.9,115.0,0.1660,51.1,50.9,18.3,16.2,26.4,29.4,31.4,32.7,49.4,50.1,35.4,34.9,44.5,33.3,65.1,-13.80,N/A,0.45743765744731274,0.5425623425526872
329,Holy Cross,Pat,32,13,100.7,115.8,0.1657,53.1,53.5,17.9,13.6,23.3,27.0,22.2,25.4,49.6,54.5,38.6,34.5,42.3,37.8,65.8,-15.60,N/A,0.4576966975775653,0.5423033024224347
330,Green Bay,Horz,32,4,100.4,115.8,0.1624,50.9,54.8,18.0,14.6,18.4,32.0,37.0,35.4,52.2,54.1,32.9,37.3,46.2,39.4,69.1,-22.90,N/A,0.4569562328142654,0.5430437671857345
331,Stony Brook,CAA,32,8,101.6,117.3,0.1607,47.7,56.0,18.3,14.9,29.5,31.2,31.6,28.4,45.7,57.2,33.8,36.3,39.0,42.3,64.4,-19.60,N/A,0.4567108597509265,0.5432891402490735
332,Texas A&M Commerce,Slnd,31,5,96.2,111.2,0.1583,49.2,53.8,22.5,19.9,28.1,35.9,28.0,36.5,51.1,52.6,31.4,37.4,48.3,34.6,67.4,-20.20,N/A,0.4564106917114075,0.5435893082885925
333,Mercyhurst,NEC,31,15,100.0,115.8,0.1558,48.6,55.0,16.4,20.3,22.2,33.3,30.9,38.3,45.8,56.0,35.7,35.7,36.4,39.8,64.5,-12.60,N/A,0.45596579528155523,0.5440342047184447
334,USC Upstate,BSth,32,6,99.1,114.9,0.1541,49.8,56.1,19.0,16.6,25.3,32.4,30.4,39.5,53.1,58.3,29.4,35.2,36.9,40.2,72.7,-21.10,N/A,0.4556586221814493,0.5443413778185506
335,Fairfield,MAAC,32,12,97.3,113.3,0.1481,46.3,53.7,15.5,18.2,28.6,31.0,25.4,31.0,45.8,53.4,31.5,36.0,38.3,36.9,65.8,-17.00,N/A,0.4545904381203434,0.5454095618796567
336,Southern Indiana,OVC,30,10,98.6,114.8,0.1481,47.9,51.8,17.2,16.7,27.9,31.3,30.7,35.6,45.4,50.0,35.2,36.7,33.5,36.5,66.9,-17.50,N/A,0.4546201800697653,0.5453798199302348
337,Morgan St.,MEAC,32,14,100.4,117.0,0.1479,49.0,52.4,17.9,17.0,34.1,36.9,35.7,39.1,49.5,51.0,31.6,36.8,21.7,34.3,70.3,-14.50,N/A,0.45439914861251895,0.545600851387481
338,Bellarmine,ASun,31,5,103.5,120.5,0.1472,53.7,58.1,17.4,15.4,20.2,30.0,26.5,34.9,53.9,57.8,35.6,39.0,43.2,47.4,66.2,-21.20,N/A,0.4546306139418371,0.5453693860581629
339,North Carolina A&T,CAA,32,7,96.4,112.6,0.1442,45.8,51.5,15.4,15.3,27.0,31.4,31.2,30.0,46.3,52.4,30.0,33.3,36.0,38.5,69.3,-20.20,N/A,0.4538230954461569,0.546176904553843
340,Wagner,NEC,30,14,93.1,109.1,0.1390,43.7,50.4,19.4,18.2,31.7,25.0,29.3,39.9,41.5,50.8,31.6,33.2,37.6,42.9,60.1,-13.10,N/A,0.45301635987846106,0.546983640121539
341,Western Carolina,SC,30,8,95.4,112.4,0.1324,45.4,51.1,19.0,13.5,25.7,29.4,27.0,34.0,46.3,52.8,29.7,32.6,48.2,44.0,70.4,-16.70,N/A,0.4516799477228586,0.5483200522771415
342,Western Illinois,OVC,31,12,99.1,116.8,0.1320,50.1,51.1,18.2,14.4,28.1,31.8,27.2,30.6,46.7,50.2,37.3,35.1,37.2,34.8,64.4,-16.40,N/A,0.4515936948125027,0.5484063051874973
343,West Georgia,ASun,31,6,97.1,114.5,0.1309,47.2,56.1,16.3,16.6,26.1,29.2,28.8,36.3,48.4,56.9,29.7,36.8,30.1,43.7,68.0,-20.20,N/A,0.4514699143103944,0.5485300856896056
344,Louisiana Monroe,SB,32,7,96.5,114.5,0.1228,45.0,53.6,17.1,16.1,29.0,32.5,31.1,25.1,43.1,55.8,32.5,34.0,33.9,45.1,67.7,-21.00,N/A,0.4499353872852605,0.5500646127147395
345,Buffalo,MAC,31,9,95.4,113.2,0.1227,48.8,54.2,19.5,16.2,24.8,31.3,32.7,31.2,51.3,53.4,30.5,37.2,43.9,35.2,70.6,-17.30,N/A,0.44992405887245507,0.5500759411275449
346,Detroit Mercy,Horz,32,8,94.6,112.3,0.1216,45.6,51.2,19.1,15.5,31.9,30.5,28.9,39.8,43.9,52.4,33.3,33.2,28.4,47.0,67.0,-19.20,N/A,0.44981546199823624,0.5501845380017637
347,Le Moyne,NEC,32,9,102.7,122.2,0.1189,51.5,54.7,19.6,16.3,25.7,32.9,37.7,36.9,53.2,54.1,32.8,37.0,41.3,41.4,68.6,-19.20,N/A,0.44923876312633987,0.5507612368736601
348,Sacramento St.,BSky,32,7,95.4,113.6,0.1187,48.0,55.1,20.3,17.1,27.4,27.6,31.3,39.2,49.1,55.2,31.2,36.6,44.9,46.0,65.3,-20.80,N/A,0.44905122397971614,0.5509487760202838
349,Northern Illinois,MAC,31,6,94.0,112.1,0.1168,47.1,53.2,16.3,16.6,17.8,30.8,31.6,44.0,45.3,51.0,32.7,38.0,49.2,37.5,68.9,-21.10,N/A,0.4486822190112735,0.5513177809887265
350,New Orleans,Slnd,31,4,98.8,117.9,0.1161,45.9,54.9,18.8,16.1,31.6,35.5,33.9,26.6,46.0,55.1,30.4,36.4,30.7,42.4,69.2,-20.00,N/A,0.4485232529553433,0.5514767470446567
351,Central Arkansas,ASun,33,9,97.4,116.6,0.1122,47.4,56.8,18.2,16.7,28.6,30.0,28.8,22.6,50.2,55.4,29.6,38.7,47.8,52.1,66.3,-18.20,N/A,0.4477358543215788,0.5522641456784213
352,Stetson,ASun,32,8,99.2,119.0,0.1092,50.2,53.1,18.7,13.1,24.1,34.3,33.1,27.7,50.2,52.6,33.5,35.9,37.7,41.4,67.6,-19.30,N/A,0.44722593915056225,0.5527740608494377
353,NJIT,AE,31,6,94.0,113.5,0.1024,45.3,50.0,18.0,13.8,27.7,31.8,27.4,38.6,45.0,51.9,30.5,31.0,37.8,35.2,66.3,-21.60,N/A,0.44561402180209997,0.5543859781979
354,Cal St. Fullerton,BW,32,6,92.1,111.7,0.0973,44.2,54.3,21.3,16.1,25.9,29.8,39.2,34.1,46.1,55.9,27.0,34.9,34.1,45.8,68.0,-19.30,N/A,0.444518974781247,0.5554810252187531
355,Canisius,MAAC,31,3,99.1,121.1,0.0912,51.2,56.9,18.5,16.4,18.3,34.3,23.3,31.4,48.4,58.7,36.7,36.2,41.4,40.9,66.1,-23.40,N/A,0.4426566276193202,0.5573433723806799
356,New Hampshire,AE,32,8,93.8,115.1,0.0873,47.1,54.4,19.0,16.9,27.4,31.6,26.4,33.0,46.8,56.4,31.7,34.1,40.8,39.7,67.6,-20.50,N/A,0.4416332037939715,0.5583667962060285
357,Prairie View A&M,SWAC,32,5,95.9,117.7,0.0867,48.2,56.2,16.7,20.0,24.5,39.1,33.8,40.5,48.6,57.6,31.5,35.7,33.7,32.7,70.3,-21.30,N/A,0.44158473084570127,0.5584152691542987
358,Alabama A&M,SWAC,32,10,92.8,114.9,0.0793,45.1,54.3,21.9,21.0,33.9,34.6,38.6,46.7,44.3,51.8,30.8,39.0,41.6,37.5,70.7,-18.80,N/A,0.43942019601628707,0.560579803983713
359,Maryland Eastern Shore,MEAC,31,6,94.8,118.8,0.0699,45.7,55.3,19.7,15.5,27.1,34.1,35.6,40.6,44.7,58.6,31.5,33.3,37.2,37.7,66.0,-19.50,N/A,0.4364525324554978,0.5635474675445022
360,The Citadel,SC,30,5,93.6,117.5,0.0687,46.9,54.5,19.5,15.2,27.2,32.0,32.8,32.8,49.5,56.3,29.2,34.7,45.2,42.7,64.5,-21.50,N/A,0.43602560181454086,0.5639743981854591
361,Chicago St.,NEC,32,4,92.5,116.1,0.0682,44.4,54.9,18.5,18.2,22.6,33.6,26.8,36.9,43.4,55.7,30.6,35.8,40.9,39.4,68.5,-21.80,N/A,0.4360661046242362,0.5639338953757639
362,Coppin St.,MEAC,30,6,87.8,112.4,0.0550,44.0,55.6,21.6,20.5,26.5,33.9,36.4,37.1,44.2,56.3,29.0,36.3,32.1,38.8,67.9,-19.00,N/A,0.43121336128441057,0.5687866387155893
363,Arkansas Pine Bluff,SWAC,31,6,95.0,121.7,0.0549,50.3,56.3,20.4,16.8,26.3,34.6,32.8,40.5,52.6,58.5,31.0,35.7,37.9,44.9,71.6,-20.10,N/A,0.43104666712571527,0.5689533328742847
364,Mississippi Valley St.,SWAC,31,3,82.9,125.2,0.0086,42.1,57.9,24.3,15.0,22.7,38.0,30.3,38.4,41.6,58.8,28.8,37.7,30.6,38.4,64.8,-21.00,N/A,0.39122227465785747,0.6087777253421425
